链接地址,标题,内容
https://www.xiaohongshu.com/explore/6458bdb1000000001300ba3b,📍武汉3天2夜600💰吃喝玩乐超全攻略来咯,一次说走就走的旅行✈️ 背后也是做好了充分的准备滴～ 到了武汉，走走停停都是风景🍃 本地人熬夜整理✨出来的这篇攻略，宝子们赶紧码住🙈哇～ - 📍武汉三天两夜行程安排👇🏻👇🏻 ✔️Day1⃣️ 山海关路过早——古德寺——江汉路步行街——武汉美术馆——汉口江滩（看江滩夜景、坐轮渡）——万松园宵夜 👉江汉路：购物🛍美食应有尽有，附近还有同兴里（古着一条街🔮）、黎黄陂路（超多文艺小店）郝梦龄路都可以去逛一下 👉古德寺：武汉zui特别宝藏寺庙🕍 欧式风格的建筑 👉汉口江滩：去看看武汉的夜景🌃 感受江城的魅力～晚上还有两江🚢灯光秀喔！ • ✔️Day2⃣️ 粮道街过早——昙华林（黄鹤楼）——湖北省博物馆——凌波门看日落——楚河汉街 👉粮道街：好吃的非常多😋，就是人比较多，很多都要排队🌠 👉 昙华林：新晋网红地昙华林💕很多文艺的店铺，适合散步休闲～ 👉湖北省博物馆：需要提前预约✅ 里面的编钟表演真的很不错❗️ 👉楚河汉街：购物吃美食！建议大家晚上去，夜景🌃很好看🥳 • ✔️Day3⃣️ 东湖——东湖落雁景区———汉秀剧场——武汉长江大桥 👉东湖：去东湖吸氧放松，坐热气球、粉色摩天轮🎡 再去落雁景区（武汉“小江南”🌿之称）打卡拍照超级出片📸 👉汉秀剧场：去看精彩的🌊水舞秀表演，浓郁的艺术文化，感受武汉不一样的城市气息👏 👉武汉长江大桥：来武汉一定要来走一走长江大桥，吹一吹江边的晚风🍃 - 🏠【住宿篇】 🧩武汉分为：汉口、武昌、汉阳三个区 🪐住在武昌会比较方便，大部分景点都在这边，而且🚗交通 便利 💎如果大家想吃东西方便的话，建议住在江汉路步行街、粮道街附近〰️这两个地方去哪里都很方便好吃的又多‼️ - 🌈【美食篇】 ✔️粮道街：🔥天天红油赵师傅热干面、油饼包烧麦、覃肥叔桂林米粉、柒个蛋烘糕、大连铁板鲜鱿鱼 ✔️江汉路:🔥 腿老大·中式炸鸡、鲍师傅、茶颜悦色、严老幺、甜蜜蜜、百香林糕点、矮子馅饼、小路易生煎 ✔️其他美食街:🔥武汉天地、玫瑰街、光谷广场、司门口、财大小吃街、湖经小吃街 - 🍃武汉大部分景点都是免费的，不来一趟真不知道武汉好玩好吃好看还划算😍需要宝子们亲自来体验💓         @走走薯 @生活薯
https://www.xiaohongshu.com/explore/6434cb56000000001300df27,武汉旅游两天一晚攻略来了,武汉真的很大，建议大家一个区一个区的玩，地铁非常方便哦
https://www.xiaohongshu.com/explore/645c62fe00000000130330c2,武汉一日游：黄鹤楼🛕及其周边,🥣水陆街/大成路：过早 	 东湖📍辛亥革命博物馆、辛亥革命武昌起义纪念馆（红楼）：相隔一条街，可以一起参观。周二到周日9:30、10:30、14:30、15:30两个馆都会有免费讲解，推荐听听。 	 📍黄鹤楼（东门进）：自古享有“天下江山第一楼”和“天下绝景”之称，主楼通高51.4米，外面看有5层，内部实际有9层。还是很推荐上去看看的。 除了一座主楼外，景区内还藏有80多个景点！全部逛逛要2-3个小时 「千年吉祥钟」🔔，30块可以撞9响，传说在此撞钟，撞9下便能收获平安健康。 「岳飞像」🗿：岳飞一生4次北伐，有七年时间驻军在武汉。 「紫薇苑」🌳，园内有两棵被列为保护古树名木的紫薇，其中一棵已有390多岁。 「鹅池」和「诗碑廊」🪦，这里展示着历代名家在此留下的墨宝。 白天黄鹤楼门票 🎫 成人70元/人 学生35元/人 「网红同款黄鹤楼雪糕」🍦 15元 白天开放时间⌛️ 4月-10月 8:00-18:00 11月-3月 8:00-17:00 （它提前半个小时就会催离场，注意好时间） 夜间开放时间⌛️ ： 《夜上黄鹤楼》行浸式光影演艺体验 第一场19:30-21:00 第二场20:30-22:00 成人118元、儿童60元、学生70元🎫 	 🥣户部巷 粮道街：就在黄鹤楼边上，可以顺路去打个卡，随意吃点。 	 📍长江大桥：“万里长江第一桥”，很推荐在上面骑行🚴，桥上是车辆川流不息，桥下是江水滔滔。 	 📍晴川阁：跨过长江大桥就是晴川阁，若有时间也可以去看看。 	 📍鹦鹉洲长桥大桥：适合拍夜景。 	 🥣万松园：去吃点夜宵
https://www.xiaohongshu.com/explore/6422a70a000000001203db66,武汉 古德寺,拍照好看的嘞就是人很多好多美女
https://www.xiaohongshu.com/explore/647327980000000013014aca,武汉真的好好吃😭一顿也没踩雷！！ 附攻略！,武汉真的是座很适合学生党游玩的城市！好吃好逛！一天能吃6顿…❤️分享一些我的旅游感受和建议…无广！！！ - ✅出行：几人行建议出门滴滴🚗算下来更便宜也方便✌️要坐地铁刷zfb就可以！！ ✅住宿：不建议江汉路步行街附近，很多照骗！环境差！推荐楚河汉街附近~ 第1⃣️晚我们住江汉路就踩了个巨雷！房子很破旧脏…将近400一晚的民宿，某团还写着5🌟好评！(各位姐妹别踩雷！） 第2⃣️晚我们住楚河汉街附近，环境好多了，但周围没吃的，想住舒服点可以选这边，出行打个滴滴也不贵，去景点也不远。 - ✅美食： 📍水塔街：江汉路步行街附近，整条街很热闹很多小吃，凌晨还营业！！ 🌟苹果妹冰粉，李氏酥饺，熬四烧烤，鞠氏黑芝麻糊，鱼糊粉，三鲜豆皮，汉堡炸鸡！！ 🌟附近还有个王记牛杂馆（连吃了3天生烫牛肉粉，真的好爱！热干面也不错，24小时🈺️业） 🌟对面还有几家店👌：涂记油酥饼，片皮鸭，干煸辣子鸡…这条街吃的挺多！ - 📍山海关路：来武汉过早可以去这里，有很多开了好多年的老店，生意都蛮好的味道也不错。 🌟李记鸡冠饺(糯米鸡也好吃，都只要3r） 🌟燕子煨汤(过早标配：莲藕汤配油条） 🌟双黄牛肉面(明星都来打卡过的网红面馆） 🌟毛记汽水包(各种馅，味道还不错） 🌟冷记卤品(本地人推荐的，红肠，肥肠，酸豆角，酱板鸭都不错，买了带回家吃！） - ⭐️湖北菜：肖记公安牛肉鱼杂，大中华酒楼（武汉朋友带路去的！真的好好吃不踩雷！！） 🌟宵夜：肥肥虾庄（武汉吃虾印象最深的就是这家！吃到吮手指！）红孩儿烧烤（本地人都爱去吃的汉味烧烤好好吃呀！）烫锅鲜砂锅串串（8毛一串便宜好吃！！） - ❣️一些游玩建议： 1⃣️去黄鹤楼定位地铁C出口或者得胜桥！ 2⃣️进武汉大学要记得提前三天预约！ 3⃣️轮渡别晚上10点后去，夜景不好看！！ 4⃣️天气好可以去江滩，黎黄坡路~走走很舒服！ 5⃣️古德寺人很多但拍照还是挺出片的~ 6⃣️步行街都大同小异，建筑还蛮好看的📷 7⃣️起不来没关系，12点之前都可以过早！ 8⃣️尽量避开周末去，人少很多体验感也好些 9⃣️粮道街网红店容易踩雷，排队人多不建议去！ 🔟不要住江汉路步行街附近民宿！环境不行！
https://www.xiaohongshu.com/explore/646efa4a0000000011010c47,武汉旅游👉去了八次后，熬夜总结‼️,暑假去哪儿玩，总要去一趟武汉吧，刚从武汉回来整理了一份保姆级旅游攻略，踩过的坑实在是太多了希望能帮到大家排坑避雷！ 交通: 地铁:在武汉乘坐地铁十分方便，在ZFB搜索&quot;乘车码&quot;就可以很便捷的乘坐地铁，。 飞机:想更快到达武汉的朋友选择乘坐飞机也是一个很好的选择，飞机可以到天河机场，机场有2号线，很方便到各个景点。 高铁:做高铁可以尽量选择汉口站哦，它离市区最近。 🌞天气 6-7月份的天气比较热哦 ，怕热的宝宝要注意防晒，可以带些冰凉贴和小风扇降暑哦，也可以带些藿香正气水以免中暑哦 	 ❗️必备物品 身份证、银行卡、驾照、学生证 洗面奶、牙刷牙杯、一次性洗脸巾/浴巾、防晒喷雾 手机、充电宝、耳机、自拍杆、三脚架等 天气炎热一定要带降暑的哟，以免中暑就不好啦 	 希望大家旅途愉快哦，有什么不懂的可以踢踢我哦
https://www.xiaohongshu.com/explore/647c9cec0000000027003103,每天都不一样的武汉｜旅游攻略,两天的行程安排，每天三万步 特别喜欢东湖绿道～比较可惜的是去的时候多云没有看到落日 凌波门日出要注意看天气和日出时间 黄鹤楼的夜景特别美 坐轮渡要冲去二楼
https://www.xiaohongshu.com/explore/647dabd8000000001300f3f7,在武汉三天都吃了什么🍜（最后附有旅游攻略）,1⃣️三镇民生甜食馆（每个都很好吃，便宜不踩雷） 2⃣️刘一壶兰陵藕粉（平平无奇好吃） 3⃣️王记生烫牛杂面馆（粉感很特别，很好吃） 4⃣️小秋水饺（热干面与别家不同） 5⃣️家阳赵师傅油饼包烧麦（排队速度很快！） 6⃣️7⃣️路上随便买的面窝、鸡冠饺、糯米鸡（必吃） 8⃣️肥肥虾庄（武汉网红店，可吃） 9⃣️小民大排档（每个都很好吃！） 1⃣️0⃣️双黄牛肉面馆（本次旅途最惊艳的，最爱的面馆！！！！！！！） 1⃣️1⃣️燕子煨汤（来武汉必吃莲藕排骨汤） 	 🙌以下是本次旅游的详细攻略❗️ 武汉旅游攻略（6.3-6.5） 🚶‍♀️Day1⃣️ 💨古德寺➡️山海关路➡️黎黄陂路➡️江汉路步行街➡️汉口江滩   （古德寺 江汉关 青岛路📷） 🚶‍♀️Day2⃣️ 💨粮道街过早➡️户部巷➡️ 黄鹤楼（可去可不去）➡️湖北省博物馆➡️湖北省美术馆➡️楚河汉街➡️夜景 昙华林➡️拍夜景黄鹤楼 🚶‍♀️Day3⃣️ 只有吃，记得买泸溪河、佳哥手作 🌟必打卡美食🌟（按路线和地标分） 🚇地铁一号线：王记生烫、汪记鲜鱼糊（13:00）、三镇民生（19:30）、双黄牛肉面 🚇地铁二号线：味美香豆皮（13:30）、阿宝生煎包、美猴王生烫、严老幺烧麦（13:00）、肥肥虾庄 🚇地铁三号线：余艳梅拌面世家 🚇地铁五号线：小秋水饺（16:00）、赵师傅油饼包烧麦（15:00）、小民大排档 🚇地铁六号线：江氏糯米鸡（14:00）、熬四烧烤 🚇地铁七号线：一元路怪味烧饼、夏氏砂锅 🍜按地标分： 汉口（武汉天地、黎黄陂路、万松园、循礼门、江汉路happy站台、前进五路水塔街等） 1⃣️前进四路过早：严老幺烧麦 2⃣️山海关路过早：汪记鲜鱼糊、李记鸡冠饺、双黄牛肉面、毛氏汽水包、徐氏糯米包油条 3⃣️兰陵路粉面：王记生烫、肖记顶好牛肉面 4⃣️水塔街小吃：李氏酥饺、5路汉堡炸鸡、鞠氏黑芝麻糊、熬四烧烤、苹果妹冰粉等、happy站台 一代烤翅王 5⃣️武汉二中：周一野 武昌（粮道街、司门口户部巷、楚河汉街、关谷等） 1⃣️大成路：小秋水饺、李记鲜油糊汤粉配油条 2⃣️粮道街：赵师傅油饼包烧麦、柒个蛋烘糕
https://www.xiaohongshu.com/explore/64539fca00000000130337c4,外地人去武汉必打卡的一万平餐厅🔥人均80,五一来武汉玩，头一顿饭打卡一家收藏里很久的老武汉地标沉浸式餐厅 这家餐厅有6层楼，各种武汉城市地标🏠都复刻在餐厅里，随便哪个角度拍都很出片📷 菜品点了招牌拼烧，里面食材很丰盛，有鸡肉，甲鱼，牛蛙，鳝鱼和牛鞭花！味道是很浓郁的酱烧味儿，搭配上铁盒炒饭真的贼香贼下饭！ 还有肉质鲜嫩的黑鸭也特别好吃！麻辣回甜，回味无穷！ 我们几个人点了一桌算下来差不多人均80左右，就能吃到地道湖北菜！还是很值得打卡滴！
https://www.xiaohongshu.com/explore/647f49e0000000000800ee5b,武汉旅游穷游版‼️2⃣天1⃣夜600元🔥,武汉本地人带你玩武汉! 2023年武汉旅游zui新攻略 点赞收藏轻松玩不踩雷 	 📝武汉三天两夜行程安排 Day1⃣ 山海关路过早➡古德寺➡江汉路步行街 ➡武汉美术馆➡汉口江滩(看江滩夜景、坐轮渡)➡万松园宵夜 江汉路:购物美食应有尽有，附近还有同兴里(古着一条街)、黎黄陂路(超多文艺小店)郝梦龄路都可以去逛一下 古德寺:武汉zui特别宝藏寺庙欧式风格的建筑 汉口江滩:去看看武汉的夜景感受江城的魅力~晚上还有两江灯光秀喔! Day2⃣ 粮道街过早➡昙华林(黄鹤楼)➡湖北省博物馆➡凌波门看日落🌄➡楚河汉街 	 粮道街:好吃的非常多	，就是人比较 多，很多都要排队 昙华林:新晋网红地昙华林	很多文艺 的店铺，适合散步👫休闲~ 湖北省博物馆:需要提前预约√里面的编钟表演真的很不错! 楚河汉街:购物吃美食!建议大家晚上去，夜景幽很好看么 Day 3⃣ 东湖➡东湖落雁景区➡汉秀剧场➡武汉长江大桥 东湖:去东湖吸氧放松，坐热气球、粉色摩天轮🎡…再去落雁景区(武汉“小江南”兰之称)打卡拍照超级出片 汉秀剧场:去看精彩的C水舞秀表演，浓郁的艺术文化，感受武汉不一样的城市气息 武汉长江大桥:来武汉一定要来走一走长江大桥，吹一吹江边的晚风 🏠关于住宿 住在江汉路💰150-300/间 市中心 地铁换乘线 交通方便 吃逛丰富 🚕对关于交通 市内出行地铁🚉为主，大多数地方地铁直达且不堵车高铁🚄动车汉口站、武昌站、武汉站，一天河机场都有地铁直达 司东湖可以骑共享单车电动车、观光车、游船一轮渡:1.5💰元 刷zfb公交即可 🍱关于美食 干饭地:江汉路 粮道街 山海关路万松园 汉街(财大小吃街、湖经小吃街、曙光夜市距离较远不建议游客特地去打卡) 过早种类很丰富，九省通衢包容性强美食酸甜辣口味都有。 我在很用心的分享真正实用的旅游攻略，挖掘小众宝藏旅行地，欢迎关注支持。        @小红书成长笔记 @小红书成长助手
https://www.xiaohongshu.com/explore/644db812000000001300d1d2,大二学生极限穷游武汉|两天一夜全包500💰,一场说走就走的旅行 到了武汉，走走停停都是风景 	 武汉两天一夜攻略🗺️👇🏻👇🏻👇🏻 ✔1月26日🌞 早上到达武汉站，地铁🚇半个小时到达江汉路步行街〔梦圆宾馆108💰〕 路线：武汉美术馆——＞🚲黎黄陂路——＞🚗古德寺——＞🚲  江汉路步行街——&gt;🚲水塔街——&gt;🚲江汉关——&gt;武汉关轮渡看夜景——&gt;武汉长江大桥 👉武汉美术馆：打卡武汉热气球logo，特别出片，发朋友圈的首选地📸 👉黎黄陂路：武汉必去的打卡地，街道，建筑，氛围感十足。那一片是旧俄租界和历史事迹馆，浓郁的历史气息 👉古德寺：是缅甸哥特式建筑，有一种异域美，夏天荷花盛开巨好看，我在寺庙也祈福啦 👉武汉长江大桥：桥底居然是木头，我很震惊当时国家的技术，这么多年啦武汉长江大桥依旧运行，而且美观实用 👉江汉步行街：购物美食小商品应有尽有，茶颜悦色 👉水塔街：物美价廉，疯狂炫小吃，热干面只要五块钱，糊米酒三块钱，没有踩雷🍧🍲🍺 👉江汉关：武汉的标志，人有点多，我看见特别激动💗，跑过去拍照📸特别好看 👉江岸：风吹起来很舒服，走走停停，看着武汉的霓虹灯闪烁 ❌千万不要去步行街的美食城，都是宰客的地方，且美食全国都有哦 ❌古德寺中午光线太强不适合拍照哦 ❌出行的话距离短的共享单车特别方便哦 	 ✔1月27日🌞🌞 路线：🚇东湖——＞🚲湖北博物馆——＞🚲武汉大学——＞🚲黄鹤楼（灯光秀）——&gt;粮道街 👉湖北博物馆：提前预约了，里面的编钟表演真的很不错 👉东湖：东湖骑上小电驴，欣赏美景真的很不错，还可以打卡摩天轮🎡🎡🎡🎡 👉武汉大学：武大巨好看 👉黄鹤楼：我在网上推荐的司门口地铁站🚇和武汉大桥拍的黄鹤楼，一分钱没有花，拍到了和黄鹤楼的合影 👉粮道街:比较有名的小吃有几家在那边，可以试试看 ❌湖北博物馆要提前预约，且不退票改不了时间 	 两天一夜500💰 高铁🚅路费，吃饭，住宿一百 武大的街头处处是风景，景美人更美，被当地人的热情感动，在厕所等待期间，环卫叔叔给我拿了椅子 六月等待武汉夏日绝美落日 武汉我会再去的！
https://www.xiaohongshu.com/explore/642d7bc60000000013007d47,再也不想去武汉玩了,因为去了就不想回来上课了   📝第一天去了江汉路 黄鹤楼 江汉博物馆 武汉博物馆 黎黄陂街 古德寺 （黄鹤楼木有上去 所以这里没有放照片 晚上的灯光还可以 拍了一张黄鹤楼的照片） 🗺️最好第一天去 📍江汉路（还可以坐船 白天1.5💰一人晚上10块） 📍江汉博物馆 📍黎黄陂路 📍武汉博物馆 📍西北湖 📍晴川阁 📍武汉美术馆 （有两个 一个在江汉路那边 一个在琴台 ） 🍜（晚上江汉路附近还有一个夜市 小红书一搜就能找到 我忘了是什么夜市 不过在那买了阿宝生煎 排队的人很多 排了半个小时才买到 不过很好吃 10块钱一份 8个 很多人排队） 	 🎫美术馆和晴川阁要提早预约 还有博物馆也要提前预约 直接微信公众号搜索就好了 	 以上是江的西边可以玩的地方 	 第二天可以去： 📍黄鹤楼 📍户部巷 📍粮道巷 📍长江大桥 📍东湖 📍武汉大学 	 这些是江的东边可以玩的地方 	 黄鹤楼 人文气息浓厚 可以在美团上买票成人70 小孩老人学生半价35 	 🌮从黄鹤楼下来就是户部巷和粮道巷 里面有很多吃的 很多都是20一份 比如说那个拇指煎包就是20一份比较少 很小一碗 还有15块的豆皮 三鲜豆皮 感觉味道还可以就是量太少了 15块可以在江汉路一家老牌的豆皮店买6片（一整盒豆皮）但是在户部巷只能买到3片 而且15块买的还是牛肉的 在户部巷只能买到三鲜的 三鲜豆皮江汉路那个店的价格好像是8块钱一份（6片）牛肉的豆皮十几块 但是吃的东西会有很多很多 可以在户部巷吃也可以去江汉路吃 	 🔆东湖的话一定要天气好的时候去 东湖：（地铁站🚇梨园） 🚴里面可以骑车 景区内有哈啰电动车 还有那种可以扫码的自行车 骑车的人很多但是从景区的门进入骑完全程需要6个多小时 实在是太久了 🚞所以我们选择了坐观光车（一人40）单程30往返40 里面很大 风景很美 因为去得比较迟 所以没去落雁岛 还是比较可惜的 看网上它5点30关门 🌸 所以就直接去了樱花园 感觉没有很大 那里面的氛围灯就很奇怪 绿的 蓝的 黄的 橘的 紫的 什么颜色的都有 个人感觉没有那么好看 看到了好多发着绿光的树 很阴间 打卡的那个塔下面好多人拍照 所以我只拍了景 没有拍人的照片 🏫武汉大学 武汉大学没有去 因为这个需要提前3天预约
https://www.xiaohongshu.com/explore/641a7809000000000800d95b,吃完武汉这45种美食，你就是0.75个武汉人！,武汉的人间烟火里，过早一定是它的美食主编。毕竟在武汉，有过早的地方，就有江湖，就是烟火人间 	 今年春天我又一次从武汉吃回来，说真的，在这里的每一顿都让我挑花了眼，吃撑了胃，反复横跳，就是舍不得离开那一条条让人兴奋的美食街巷 🔹🔹🔹 这次我🍜整理了4⃣️5⃣️种武汉美食，95%是我亲测，5%是和本地人闲聊知道的 	 如果你正打算去武汉尝一口过早的人间烟火气，这里万食俱备🌟记得收藏 🔹🔹🔹 ⭕云集美食宝藏街 答应我❌不要为了吃去户部巷，好么？ 	 武汉的美食街巷✅双手+双脚都数不过来，尤其是过早，粮道街、吉庆街都不够烟火气，下面这8⃣️条才是武汉人奔赴生活的起始点 	 📍山海关路、胭脂路、一元路、大成路、瑞安街、兰陵路、宝裕路、玫瑰街 🔹🔹🔹 🍜江岸区美食 📍刘记三狗牛肉面馆📍蒋婆抄手📍王记生烫牛杂面馆 📍三镇民生甜食总店📍汪记鲜鱼糊汤粉总店 📍燕子煨汤📍毛氏汽水包📍李记鸡冠饺📍陶仙居 📍双黄牛肉面馆📍徐氏糯米包油条📍王师傅豆皮馆 📍严老幺烧麦📍老田记面馆📍淘气牛杂馆📍德华楼 📍一品红牛肉面馆📍武昌重油烧梅店总店 📍一元路怪味烧饼📍袁大头包子📍郑记牛肉面 📍融厨湖北菜 🔹🔹🔹 🍜武昌区美食 📍建建枯豆丝📍罗氏面窝📍小程早点 📍袁氏米粑发糕📍龚太婆牛肉粉面馆📍来菜 📍昌汇糯米包油条📍小秋水饺总店📍丽华早点 📍熊太婆原汤水饺📍家阳赵师傅油饼包烧麦 🔹🔹🔹 🍜其它区美食 📍仙桃家常菜馆📍腿老大·中式炸鸡📍江氏糯米鸡 📍熊腊生热干面馆📍前前烤虾📍老居巷汤包 📍曾记臻品烤鸭脖📍靓靓蒸虾总店📍七七饺子 📍罗氏热干牛肉面总店📍江汉路煎包一绝 🔹🔹🔹 武汉人的过早，对我来说，那就是从早过到晚，一个月不重样不是骗人的。天生江湖豪情的他们，吃的是烟火，品的是人间 	 💟我是莉漫游，跟着我追逐风味的脚步，跨越山海之间，看尽红尘万千，邂逅漫游奇遇 #你会以过早之名去一次武汉吗？            @吃货薯
https://www.xiaohongshu.com/explore/6471536a000000002702b4d2,大二特种兵式穷游武汉两天💰400真实攻略,总要去武汉吃一碗美味的热干面，吹一吹长江的晚风 🚇出行：公交地铁，支付宝点击“出行”，绑定信息，直接扫码即可，很方便快捷 🏨住宿：我住的青年旅舍，在江汉路附近，附近地铁公交很方便，可以住在江汉路附近 旅游路线： 🌈Day1古德寺-粮道街-昙华林-黄鹤楼-户部巷-武汉长江大桥-轮渡-江汉路 🌈Day2黎黄陡路-鹦鹉州长江大桥-东湖-武汉大学-中国地质大学-黄鹤楼（夜景） 1⃣️古德寺：免费，从武昌站乘坐🚇7号线在香港路地铁站转🚇3号线，在罗家庄地铁站下，🚶步行一公里可达，异域风寺庙，拍照很出片，喜欢拍照📷的一定不能错过 2⃣️粮道街：免费，🚇3号线在香港路转🚇轨道7号线，在小东门地铁站下车，步行🚶‍♂️可达，可以去过早，超多美食🍜，可以一一打卡！ 3⃣️昙华林：免费，从粮道街步行🚶‍♂️到昙华林，点一杯茶颜悦色🥤，悠闲地散步，探索巷子中文艺小店，📷拍照打卡路边的商店，很出片 4⃣️黄鹤楼：学生票35，成人票70，乘坐🚇轨道5号线，在司门口黄鹤楼地铁站下车，步行可达，⚠️地铁🚇五号线是无人驾驶，可以在车头或者车尾拍照。黄鹤楼一共五层，在楼上可以看到武汉长江大桥！ 5⃣️户部巷：免费，从黄鹤楼下来步行可达，有很多美食 6⃣️武汉长江大桥：免费，从户部巷穿出来，步行🚶‍♂️可达长江大桥 7⃣️轮渡：1.3元，从武昌区可达江汉区，尽量在日落之前上船，可以拍到很美的日落 8⃣️江汉路：免费，武汉最繁华的地带，美食超多，景色优美 9⃣️黎黄陡路：免费，住在江汉路附近，步行🚶可达，文艺复古的街道，有百年的巴公房子，拍照打卡很出片 🔟鹦鹉州长江大桥：免费，地铁🚇6号线在马鹦路地铁站下车，步行可达，可以步行到顶层，拍照打卡，红色的大桥横跨整个长江，很壮观 1⃣️1⃣️东湖梨园景区，免费，乘坐🚇地铁4号线在岳家嘴站转🚇地铁8号线，在梨园地铁站下车，步行可达！租电动车，挺贵的，二十分钟9.9元，东湖很大，景色也超级美！值得去！ 1⃣️2⃣️武汉大学：需要校内的人预约，或者黄牛 粮道街 昙华林 户部巷 江汉路 1⃣️武汉热干面，感觉粮道街很多家都很好吃 2⃣️蛋酒 4⃣️茶颜悦色5⃣️豆皮
https://www.xiaohongshu.com/explore/647b4226000000001301608f,学生党穷游武汉🔥三天两夜保姆级旅游攻略。,"在网上看见一个热门话题： 年轻是该存钱还是该去旅行？ 个人观点：应该权衡利弊！旅行跟存钱都挺重要的 年轻旅游开阔眼界。年轻时通过旅游可以开阔视野,对不同的风土人情和文化有所了解,这有利于培养胸怀开朗的世界观✅ - 【武汉热门景点】 ✅粮道街 ✅古德寺 ✅江汉路（江汉关） ✅黄鹤楼✅长江轮渡 ✅黎黄陂路✅湖北省博物馆 ✅东湖✅琴台美术馆 - 【出行准备】： 🪪证件类: 身份证、学生证等优惠证件 - ⌚️电子设备类: 手机、相机📷、耳机、充电宝、充电器 - 👔衣物类: 根据实时天气☁️选衣，出行前一两天查好天气 - 🧴护肤/化妆类： 护肤品、防晒霜、面膜、卸妆水 - 🗝️其他类: 肠胃药💊、消食片、驱蚊香、口罩、雨伞 	 【🚶🏼路线参考】 第一天古德寺➡️武汉天地➡️汉口江滩➡️黎黄陂路➡️武汉美术馆➡️保成路夜市 - 第二天粮道街➡️得胜桥小区➡️户部巷➡️江汉路步行街➡️黄鹤楼 - 第三天龟山风景区➡️晴川阁➡️鹦鹉洲汉➡️阳桥梁主题公园➡️港澳台风情街 - 第四天湖北省博物馆➡️机场✈️｜高铁站🚄 我们的旅程结束啦~青春的旅行没有结束🔚只是短暂的回归生活与工作~我们下次见面啦 - 武汉 武汉旅游攻略 武汉樱花 武汉美食 武汉酒店 武汉好玩的地方推荐 武汉特产 武汉市文化和旅游局 武汉长江大桥 -"
https://www.xiaohongshu.com/explore/644b6c8600000000130106b0,4月可以带孩子去一趟武汉了，太绝了,每到假期，不少家庭都想着出游玩一玩，尤其是对于有孩子的家庭，亲子游成了了不起的选择。如果你还没有制定旅行计划，那么不妨来一次武汉亲子游，一场文化与娱乐的绝妙组合，给你的孩子留下美好的记忆。 . 1️⃣黄鹤楼 🚩理由：这是一座文化古迹，历史上多位文人墨客留下了有名的诗篇。 . 2️⃣ 东湖樱花公园 🚩理由：这里有着蕞漂亮的樱花，足以吸引远道而来的游客。 . 3️⃣武汉长江大桥 🚩理由：这是一条铁路桥，也是一座文化古迹，由于极 具设计的美学价值，吸引了大批游客跨越长江。 . 4️⃣武汉博物馆 🚩理由：这里展示了众多有名的文物，包括4世纪的青铜器和当代世界文化遗产，也是中国博物馆中蕞大的一个之一。 . 5️⃣汉口江滩公园 🚩理由：这个豪华的护城河公园曾经是古代中国的建设工程，在这里，你可以观看汉口的历史，也可以许多有趣又美味的小吃。 . 6️⃣湖北省博物馆 🚩理由：这是一个国家一级博物馆，以历史为主题，馆内有许多中外文物。 . 7️⃣湖北省美术馆 🚩理由：如果你爱好美术，那么这里一定是您的福地，美术馆主要展示中国现代美术。 . 8️⃣武汉动物园 🚩理由： 这个园区是家长和小孩一起被喜欢的趣味和原因，这个园区还可以通过动物表演和拍照与宠物接触。 . 9️⃣木兰山风景区 🚩理由：木兰山是国家5A级旅游景区， 因木兰将军而得名，是木兰将军的故里，佛道两教圣 地。 . 🔟归元寺 🚩理由：与宝通禅寺、古德寺、莲溪寺并称为武汉佛教的&quot;四大丛林&quot;。 . 线路安排： DAY1：武汉黄鹤楼 → 东湖樱花园 DAY2：武汉长江大桥 → 武汉博物馆 DAY3：汉口江滩公园 → 湖北省博物馆和湖北省美术馆 DAY4：武汉动物园 → 木兰山风景区 DAY5：归元寺 → 武汉黄鹤楼 以上线路仅供参考，可以根据您的具体情况和需求进行调整。 .
https://www.xiaohongshu.com/explore/647d68c100000000130034d6,武汉无痛旅游攻略三天两夜‼️大学生连夜整理,来武汉旅游一定要拿好这份攻略啊啊！ 带你无痛玩转武汉～吃吃喝喝太幸福了 ✅路线 DAY 1: 古德寺：0r 接待时间是8:30-16:00 可以早点去！不然太阳很晒 黎黄陂路：很多浪漫好看的小店～拍照好好看 武汉美术馆：0r 可以拍照打卡 happy站台：巨多好吃的！！！都是小吃！ 江滩：晚上一定要去江滩 吹吹江风真的很浪漫 DAY 2: 晴川阁：是免费的～“晴川历历汉阳树” 黄鹤楼：谁来武汉不打卡黄鹤楼哇！历史遗迹真的很值得去 粮道街：很多好吃的，美食一条街（注意筛选） 昙华林：就在粮道街旁边，很好逛～很出片 DAY 3: 湖北省博物馆：有越王勾践和编钟 楚河汉街：很好逛的商业街 武汉大学：一定要来武汉大学逛逛！武汉最具代表性的大学 东湖绿道：散步骑行都超舒服啊 小tips： 1、住宿一定要提前订好，不要当天才订，特别是旺季的时候，提前定更优惠 2、订酒店可以进行多个app的比对，同时看评价关注卫生情况 3、订酒店要提前看好交通情况，离地铁站近、附近有商业区是最方便的
https://www.xiaohongshu.com/explore/6479b05f000000001203edb8,武汉的姐妹👯超详细旅游攻略来喽💁,准备来武汉旅游玩的姐妹快看过来👀！ - 武汉赏樱花攻略🌸： 最佳观赏时间：三月初到四月底 开始时间：2月下旬 盛开时间：三月中下旬到四月初 结束时间：四月上旬 - 超火🔥打卡景点 湖北省博物馆：越王勾践在此，能逛的范围很大 还有编钟秀 武汉美术馆：著名的红气球🎈打卡地，红色部分 已经有些掉漆，但是更有意境了 东湖绿道：炒鸡大！！和朋友一起骑车🚲游东湖 享受绿茵🍃和风吹过🌬的快乐 古德寺：欧式建筑🕌很有氛围感很出片，敬香的 话要香火钱但是不需要门票~ 长江大桥：来看一看真的不亏，旷阔的河面呵呵 巨轮，看个日落🌅也很浪漫 轮渡：不到两块坐着看江景🌉谁能不爱当然人也 巨多！但是值得 汉口江滩：晚上从武汉天地一直走到江汉路适 合晚上散步👣，会有很多放风筝🧚‍♀️的还有灯光秀，吹风贼舒服 - 武汉过早必吃🍜 三镇民生甜食馆（热干面蛋酒） 老通城豆皮 严老幺烧麦 氏黑芝麻糊 赵师傅油饼包烧麦 黄牛肉面馆燕子煨汤 李记鸡冠饺 李记酥饺 - 普出行准备🚎： 🔖证件：身份证一定要带好、学生证【很多有半 价优惠噢】 📲电器：相机、充电器、充电宝、耳机，自拍杆 其他：遮阳帽、伞、口罩、防晒霜、换洗衣服。洗漱用品（旅行用便携装哦) 	 天气越来越炎热了，大家预防避免中暑！！！
https://www.xiaohongshu.com/explore/64183c63000000001300044f,武汉土著熬夜吐血整理史上最全旅行攻略🔥,假期准备来武汉的就看这篇攻略就好啦！ 交通篇： 🚄高铁站：汉口站 武汉站 武昌站 武汉东站 里面的比较方便的是汉口站 （较堵建议出站直接坐二号线地铁） 🚄武汉站：车比较多！但是离市区比较远 不过地铁也很方便！出站也可以坐地铁 （地铁4号线） - ✈️飞机的话天河机场 ，在黄陂离市区大概一小时地铁🚇二号线！较远如果高铁四小时的话，建议来武汉还是坐高铁方便！ ⚠️友情提示：武汉叫车其实很方便，地铁也便捷 希望大家不要受 一口价 走不走 不打表 的骗 - DAY 1 古德寺➡️黎黄陂路➡️happy站台➡️武汉美术馆➡️郝梦龄路➡️知音号➡️水塔小吃街 DAY2 粮道街➡️昙华林➡️黄鹤楼➡️湖北省博物馆➡️长江大桥➡️轮渡回汉口 DAY3 归元寺➡️晴川阁➡️汉阳造➡️循礼门➡️万松园 这些路线也不是每个都一定要去！ 大家可以选择xing的去！ 喜欢📷拍照：黎黄陂路、美术馆、知音号、汉口江滩、郝梦龄路、汉阳造、长江大桥、昙华林 - 爱吃就去：水塔小吃街、山海关路、happy站台、万松园、粮道街、苗栗路、 - 住宿的话： 建议江汉路步行街、粮道街附近！ 这两个地方去哪里都很方便好吃😋的 @武汉薯 @生活薯@薯队长 武汉旅游玫略/武汉美食攻略/武汉旅游/武汉景点/江汉路/粮道街/武汉深度游/武汉旅游路线/武汉美食/武汉网红景点
https://www.xiaohongshu.com/explore/6444002a0000000013002496,武汉旅游攻略|超全保姆级攻略!!|||熬夜整理,武汉旅游攻略|超全保姆级攻略!!|||熬夜整理的武汉旅游攻略干货来啦🔥 想去武汉的宝子们赶紧存下吧!!快🐴住!!!
https://www.xiaohongshu.com/explore/64789d14000000001300c75d,学生党去武汉这样玩🔥三天两夜800全包攻略！,刚从武汉回来，熬了几个通宵终于把这份攻略整理好了，全是亲身体验！三天两夜的武汉游玩路线，武汉重点景点攻略，武汉住宿，武汉交通，武汉避雷指南，武汉美食等！暑假想去武汉玩的姐妹，放心按照我这个线路去玩，千万记得收藏好！！！！
https://www.xiaohongshu.com/explore/6476a16b000000000800f4d3,📍武汉2天一夜600💰保姆级攻略码住！,🔥总要去趟武汉吧〰️吹吹江滩的晚风🍃走走长江大桥尝尝武汉热干面🍜感受一下江城的魅力💕 两天一夜超省💴武汉游攻略来啦！！想来武汉的姐妹赶紧码住！ · 📷必打卡景点 💖汉口江滩：白天的江滩真的像海边，晚上去看看武汉的夜景🌃 💖江汉路步行街：购物🛍美食应有尽有，中西文化碰撞的建筑风格 💖江汉关博物馆：来武汉一定要去听江汉关整点的钟声🕰️ 💖黎黄陂路：历史遗留下的欧式风建筑，路边有咖啡馆☕、书吧、酒吧、DIY绘画/陶瓷等 💖东湖：去东湖吸氧放松，坐热气球、粉色摩天轮🎡 💖古德寺：🕍 欧式风格的建筑，喜欢拍照的这个地方一定不能错过 💖长江大桥：在这里能看到超美落日和壮观的跨江大桥 · 🏠住宿 💎住在武昌会比较方便，大部分景点都在这边，🚗交通便利 💎建议选择靠近地铁的位置，武汉地铁覆盖很广！ 💎现在住宿价格也相当便宜，不追求高质量的话150轻松搞定~ · 🥙美食篇 🔥热干面、油饼包烧麦、茶颜悦色、三鲜豆皮、生烫牛肉粉、鸡冠饺🥟、蟹脚面🍜、糊汤粉、蛋酒…… · ✅出行准备 💳各种Z：身份Z、学生Z 💧洗护：化妆品、防shai、洗漱用品、洗脸巾、电器、充电线、耳机、自拍杆、相机📷、现金💰等 · ‼️出游建议 ❌不要在景区随意购买特产，又贵又坑人 ❌东湖很大！！观光车一般七点停止上车，一定要计划好时间 ❌武汉察颜悦色店铺很多，不要纠结于一家哦 ❌不要轻易选择公交，人太多了不知道排到什么时候！ · 听本地人一句劝，来武汉不做好攻略太容易踩雷了‼️大家🐴住这篇攻略，祝姐妹们玩得开心😌
https://www.xiaohongshu.com/explore/6416f60a0000000012030270,大二学生穷游武汉|三天两夜全包600💰,一场说走就走的旅行 到了武汉，走走停停都是风景 	 武汉三天两夜攻略🗺️👇🏻👇🏻👇🏻 ✔1月26日🌞 下午到达武汉站，地铁🚇半个小时到达江汉路步行街〔梦圆宾馆108💰〕 路线：江汉步行街——＞🚲水塔街——＞🚲江汉关——＞🚲  武汉江岸夜景 👉江汉步行街：购物美食小商品应有尽有，茶颜悦色 👉水塔街：物美价廉，疯狂炫小吃，热干面只要五块钱，糊米酒三块钱，没有踩雷🍧🍲🍺 👉江汉关：武汉的标志，人有点多，我看见特别激动💗，跑过去拍照📸特别好看 👉江岸：风吹起来很舒服，走走停停，看着武汉的霓虹灯闪烁 ❌千万不要去步行街的美食城，都是宰客的地方，且美食全国都有哦 	 ✔1月27日🌞🌞 路线：🚲武汉美术馆——＞🚲黎黄陂路——＞和平打包厂——＞🚕古德寺——＞🚇黄鹤楼——＞🚲武汉长江大桥——＞🚲晴川阁龟山电视塔——＞🚲武汉江景 👉武汉美术馆：打卡武汉热气球logo，特别出片，发朋友圈的首选地📸 👉黎黄陂路：武汉必去的打卡地，街道，建筑，氛围感十足。那一片是旧俄租界和历史事迹馆，浓郁的历史气息 👉古德寺：是缅甸哥特式建筑，有一种异域美，夏天荷花盛开巨好看，我在寺庙也祈福啦 👉黄鹤楼：我在网上推荐的司门口地铁站🚇和武汉大桥拍的黄鹤楼，一分钱没有花，拍到了和黄鹤楼的合影 👉武汉长江大桥：桥底居然是木头，我很震惊当时国家的技术，这么多年啦武汉长江大桥依旧运行，而且美观实用 👉武汉夜景：在那个武汉长江大桥和鹦鹉大桥边走走，吹吹江风，拍拍照 ❌古德寺中午光线太强不适合拍照哦 ❌出行的话距离短的共享单车特别方便哦 	 ✔1月28日🌞🌞🌞 路线：湖北博物馆——＞东湖——＞武汉大学——＞楚汉街——＞光谷步行街 👉湖北博物馆：提前预约了，里面的编钟表演真的很不错 👉东湖：东湖骑上小电驴，欣赏美景真的很不错，还可以打卡摩天轮🎡🎡🎡 👉武汉大学：武大巨好看 ❌湖北博物馆要提前预约，且不退票改不了时间 	 三天两夜600💰 高铁🚅路费，吃饭，住宿各两百 武大的街头处处是风景，景美人更美，被当地人的热情感动，在厕所等待期间，环卫叔叔给我拿了椅子 三月等待武汉樱花🌸开放 武汉我会再去的！
https://www.xiaohongshu.com/explore/6445e119000000000800cccb,五一去武汉的姐妹注意‼️超全攻略来咯👏,提起武汉，你会想到什么❓ 是街边齐刷刷吃着热干面、排队过早的人，还是东湖荡漾的水波与盛开的樱花❓ • 🔥总要去趟武汉吧〰️吹吹江滩的晚风🍃走走长江大桥，看看武汉的樱花🌸尝尝武汉热干面🍜感受一下江城的魅力💕 - ✅【武汉出行准备】✨ 💳各种Z：身份Z、学生Z 💧洗护：护肤品、化妆品、防shai、洗漱用品、洗脸巾、电器、充电线、数据线、充电宝、耳机、自拍杆、相机📷、现金💰 • 👔衣物：武汉的春天温差较大，可以带一两件薄外套，出行前查看实时天气☁️ 💡其他：肠胃药、晴雨伞☂️、墨镜🕶️ - ✅【行程安排】✨ 「三天两夜🎈」 Day1：湖北省博物馆——武汉大学——昙华林——户部巷 Day2：黄鹤楼——东湖风景区——粮道街 Day3：古德寺——黎黄陂路——古琴台——晴川阁 • 「四天三夜🎈」 Day1：黄鹤楼——户部巷——昙华林——楚河汉街 Day2：湖北省博物馆——武汉大学——东湖凌波门——光谷步行街 Day3：湖北省美术馆——江汉路步行街——轮渡——粮道街 Day4：古德寺——古琴台——晴川阁——万松园 - ✅【关于住宿】✨ 🏠武汉分为：汉口、武昌、汉阳 ⏭住在武昌会比较方便，大部分景点都在这边，而且🚗交通 便利，酒店🏨环境晚上睡觉会安静很多，价格也会优惠🤗 - ✅【关于美食】✨ 🍢小吃：油饼包烧卖😋、热干面、三鲜豆皮、生烫牛肉粉、鸡冠饺🥟、泡蛋苕粉、蟹脚面🍜、糊汤粉、蛋酒、鲜鱼糊粉 • 🥗特色菜：莲藕排骨汤、干煸藕丝、炒豆丝、香辣小龙虾🦞、炸藕夹、鱼头泡饭、粉蒸排骨、撒子牛肉、汤包、面窝、欢喜团、藕夹 - 听本地人一句劝，来武汉不做好攻略太容易踩雷了‼️大家🐴住这篇攻略，希望大家在武汉玩的尽兴！吃得过瘾！住的舒服😌                  @薯队长 @生活薯 @日常薯 @吃货薯 @走走薯
https://www.xiaohongshu.com/explore/64771288000000001203cba7,武汉旅游【怎么吃❓】不踩雷💯秘籍攻略❗,第一次去武汉有哪些好吃的❓ 去哪吃正宗、可以不踩雷❓ 有什么特产可以当做手信❓ 请认准这一篇‼️ 	 8⃣张图让你的武汉美食之旅心情愉悦不踩雷✅ 更多问题欢迎随时提问，Laughing有空会一一解答          @土拨薯 @本地薯
https://www.xiaohongshu.com/explore/642edf160000000014025891,大学生三天两晚人均500爆玩武汉！,交通🚂：长沙-武汉（53.5） 住宿🏠：大智路地铁站（212晚）非常建议住宿定在这个位置吃喝玩乐都很近很方便！到江汉路一站地铁，比住在江汉路环境更好也不吵 吃饭🍚：第一天晚上吃了本地苍蝇馆子“三帮辣子鱼”千张卷和🐔很好吃！（210元） 然后去逛了江汉路水塔街，这里小吃特别多，打卡了大名鼎鼎的腿老大·中式炸鸡，排了10几分钟，味道确实不错外酥里嫩，鸡腿很大个。🍗 	 第二天早上到三镇民生甜食店过早我觉得都很好吃（p9 32.5元）😋下午去粮道街赵师傅油饼包烧麦没什么人排队很好吃！！（9元）鱼糊汤粉很鲜但很重的胡椒粉味。（7元）🤘晚上吃芳芳牛杂，喜欢吃牛杂的应该会喜欢🐮（202元） 第三天上午山海关过早，小红推荐的店排队很长本人特别讨厌排队找了个人少的店（p11金三角煨汤）这个排骨藕汤我真的爆赞20块钱这么多排骨而且真的很好喝！🍲（60元） 奶茶🥤：爷爷不泡茶刚开始喝还不错到后面🧊融了就没啥味道了 行程🚗：4.3晚上三帮辣子鱼-江汉步行街-江汉关 4.4三镇民生过早-古德寺-辛亥革命博物馆-黄鹤楼-粮道街-昙华林-芳芳牛杂-轮渡到江汉关 4.5山海关过早-湖北省博物馆-回长
https://www.xiaohongshu.com/explore/62d51922000000000e004c4c,武汉旅游。
https://www.xiaohongshu.com/explore/642a5cac000000001300983f,武汉古德寺🕊️,古德寺真的好美啊！ 很多鸽子🕊️ 走之前买了一个护身符
https://www.xiaohongshu.com/explore/63934242000000001f025a05,再说100次，来武汉一定要去这8个地方‼️,"12月来武汉旅游，要去哪里玩呢？ 黄鹤楼 观“天下江山第一楼” 赏历代名人的真迹 风景优美，楼内9层，风景各不同 登楼望远风景更美！ 目前还开发了黄鹤楼夜景 门票：70 开放时间：08:30-17:00 地址：武汉市武昌区蛇山西山坡特1号 东湖生态风景区 东湖景区湖岸曲折，碧波万顷， 观瀑听花 春观影，夏赏荷，秋观菊，冬闻梅！ 骑行，露营，溜娃都不错！ 门票：免费 开放时间：全天开放 地址：武汉市武昌区沿湖大道16号 昙华林 很多人都把昙华林称作武汉小瑞士 里面明清两代老建筑都有50多处 此外还有文华书院,教堂等... 门票信息：免费 开放时间：全天开放 地址：武汉市武昌区花园山附近 园博园 登上山顶可看“高山流水”，游船上岛可见丹顶鹤放飞 东入口汉口里梦回清末民初；西入口汉江塆带你走进湖北民居！ 不用出城，一日看尽各大城市特色风景 去博物馆探讨文明，在户外露营烧烤畅聊人生！ 门票：60元 开园时间：日场8:30-17:00;夜场17:00-22:00 地址：湖北省武汉市张公堤公园 归元禅寺 武汉四大寺庙之首 很多人来求财求姻缘！ 你一定要去数罗汉， 随机选一个罗汉 按顺时针方向数到自己的实际年龄， 这尊罗汉的身份、表情和动作，昭示着命运。 门票:10 开放时间 08:00-17:00(全天)；停止入场时间:16:30 地址：湖北省武汉市汉阳区归元寺路20号 汉口江滩 两江四堤八林带，火树银花不夜天 晚上坐上知音号登上甲板欣赏两江风光 门票：无 开放时间：全天 地址：湖北省武汉市江岸区沿江大道 长江大桥 万里长江第一桥 夜景更是美 桥头堡内装有升降电梯， 🉑️在桥上欣赏长江景色 推荐去中华路码头拍摄 可以看到长江大桥，龟山电视塔 还有对岸江滩的美景 门票：无 开放时间：全天 地址：汉阳区武昌区武汉长江大桥 湖北省博物馆 听战国编钟的美妙古乐，观四大镇馆之宝 荆楚文化浓郁， 曾侯乙编钟、越王勾践剑、元青花四爱图梅瓶等镇馆之宝，不要错过！ 地址：湖北省武汉市武昌区东湖风景区 门票：免费 江汉路步行街 天下第一步行街，武汉百年商业老街 汉口近代建筑群、江汉关、吉庆街、保成路 吃喝玩乐购物都齐全 门票：免费 地址：江汉区中山大道/江汉路步行街(路口)"
https://www.xiaohongshu.com/explore/6008da29000000000100bf0b,武汉旅游攻略🎏学生党三天两夜打卡全景点,武汉旅游｜武汉攻略｜武汉景点｜武汉美食 . 武汉，可玩性超强，适合打卡一次又一次的城市💛 2021年，这份三日经典暴走打卡攻略赶快收藏起来吧 . 🏡住宿 ▫️我们住在了星空酒店（武汉国际博览中心店 ▫️出门就是永旺商圈🍢酒店免费洗衣和管家服务超贴心 . 🚇出行 ▫️日常出行，地铁线路可达各景点，下载《Metro大都会》扫码乘坐 ▫️武汉的高铁火车站🚅均有地铁直达，优选武昌站，就在市区 ▫️天河机场✈️去汉街，需要2号线转4号线，大约1.5h ▫️机场地铁首班㍞｜末班㍯ . 📝行程安排＋防坑攻略 ▫️早上到的武汉，酒店放行李后就出门了 DAY1⃣️：黄鹤楼➠户部巷➠昙华林➠古德寺➠江汉路步行街➠码头轮渡➠长江大桥骑行 📍黄鹤楼 🔸门票￥80，学生证半价噢 📍户部巷 🔸人间烟火味很足的美食街，推荐在这吃热干面🍜 📍昙华林 🔸文青聚集地，很多清新小店铺🌿 🔸白天来好看，晚上灯光太暗 📍古德寺 🔸门票￥8 🔸可以不进去，网红打卡地，和建筑合影很出片 📍码头轮渡 🔸航线：中华路码头⇆武汉关码头 🔸中华路码头离江汉路很近 🔸用zfb的公交卡扫码乘坐🚢 🔸推荐普通轮渡，只要2￥/人，轮渡有两层，在二层看江景超nice 📍长江大桥 🔸我们找了共享单车上去骑行，体验感不错🚲 🔸桥头堡有电梯，2￥/人，要现金 . DAY2⃣️：粮道街➠湖北省博物馆➠湖北美术馆➠光谷步行街➠多莫大教堂➠楚河汉街 📍粮道街 🔸体验武汉的过早文化 📍博物馆&amp;美术馆 🔸周一闭馆，要提前在宫重浩预约 🔸刷身份证进馆，㍧㉚后停止入场 🔸博物馆镇馆之宝：越王勾践剑🗡必看 📍多莫大教堂 🔸步行街的多莫大教堂地标打卡，晚上有浪漫灯光秀🎆 . DAY3⃣️：楚河汉街➠武汉大学➠东湖绿道➠返程 📍武汉大学 🔸樱花季的时候要提前预约 🔸校区很大，买份地图方便些，校内有公交车投币1元 📍东湖 🔸东湖绿道太长了，我们去樱园那一段简单打卡下就走了 . 🍧关于吃喝 ①#来菜·铫子煨藕(汉街旗舰店)来湖北一定要吃的湖北菜头牌，藕汤入口超绝，江汉路，街道口光谷都有店 ②#山楂与薄荷冰粉(粮道街店)冰粉界的颜值冠军，拍照口味都超级🉑，千万别错过 ③#马丁豆豆咸蛋黄爆料蛙蛙叫和爆汁小猪肠都好吃 .@薯条小助手
https://www.xiaohongshu.com/explore/64183c63000000001300044f,武汉土著熬夜吐血整理史上最全旅行攻略🔥,假期准备来武汉的就看这篇攻略就好啦！ 交通篇： 🚄高铁站：汉口站 武汉站 武昌站 武汉东站 里面的比较方便的是汉口站 （较堵建议出站直接坐二号线地铁） 🚄武汉站：车比较多！但是离市区比较远 不过地铁也很方便！出站也可以坐地铁 （地铁4号线） - ✈️飞机的话天河机场 ，在黄陂离市区大概一小时地铁🚇二号线！较远如果高铁四小时的话，建议来武汉还是坐高铁方便！ ⚠️友情提示：武汉叫车其实很方便，地铁也便捷 希望大家不要受 一口价 走不走 不打表 的骗 - DAY 1 古德寺➡️黎黄陂路➡️happy站台➡️武汉美术馆➡️郝梦龄路➡️知音号➡️水塔小吃街 DAY2 粮道街➡️昙华林➡️黄鹤楼➡️湖北省博物馆➡️长江大桥➡️轮渡回汉口 DAY3 归元寺➡️晴川阁➡️汉阳造➡️循礼门➡️万松园 这些路线也不是每个都一定要去！ 大家可以选择xing的去！ 喜欢📷拍照：黎黄陂路、美术馆、知音号、汉口江滩、郝梦龄路、汉阳造、长江大桥、昙华林 - 爱吃就去：水塔小吃街、山海关路、happy站台、万松园、粮道街、苗栗路、 - 住宿的话： 建议江汉路步行街、粮道街附近！ 这两个地方去哪里都很方便好吃😋的 @武汉薯 @生活薯@薯队长 武汉旅游玫略/武汉美食攻略/武汉旅游/武汉景点/江汉路/粮道街/武汉深度游/武汉旅游路线/武汉美食/武汉网红景点
https://www.xiaohongshu.com/explore/647be087000000001300d807,虽然话不中听，但都是武汉旅游的真实感受,武汉作为新晋热门旅游城市，吸引着越来越多的人前来打卡，从武汉回来后，马不蹄地想为去武汉的宝子们整理出这篇攻略，避免大家踩雷，千万不要错过啦‼️ ✅ 交通： 飞机：武汉天河国际机场，到达后乘坐地铁2号线或机场大巴即可直达市区 火车＆高铁：武汉火车站、武昌火车站和汉口火车站，均位于市区中心 市内：地铁、公交、轮渡均可刷 VX 、 ZFB 电子卡乘车码 . ✅景点 ①江南三大名楼﹣﹣黄鹤楼 ②新中国第一座长江大桥﹣﹣武汉长江大桥 ③国家一级博物馆﹣﹣湖北省博物馆 ④世界级水舞秀表演﹣﹣汉秀剧场 ⑤国家级5A风景区﹣﹣武汉东湖生态旅游风景区 ⑥武汉最古老的寺庙﹣﹣宝通寺 ⑦长江首部游轮沉浸式体验剧﹣﹣知音号 ⑧唯一一座异域风格的汉传佛教﹣﹣古德寺 . ❌ 武汉出行注意事项 1．乘坐公交轮渡出行，领取武汉电子公交卡打八折直接在某宝就可以刷 2．武汉目前有武昌／汉口／武汉站三大火车站和天河机场 3．地铁四2/4号线基本贯通武汉各大商圈景点火车站 4．地铁2号线经过汉口站和天河机场，4号线过武昌站和武汉站 5．高铁2优选汉口站，离市区近
https://www.xiaohongshu.com/explore/644cd2ec0000000012033ba2,武汉最值得去的5个地方,#旅行  #旅行攻略。武汉是最值得去的五大景点去过了就算没白来一东湖得天独厚的四季风光丰富厚重的人文底蕴武汉最闪亮的城市名片之一二黄鹤楼与岳阳楼滕王阁并称为江南三大名楼中国古代四大名楼之一三黄皮木兰文化旅游区华中最大的生态旅游景区区被誉为中部最美生态文化旅游之都四湖北省博物馆瞥眼中国几千年历史底蕴的魅力著名的岳王勾践剑就在这里戊古德寺异域风情的建筑休闲出片的好去处
https://www.xiaohongshu.com/explore/647b57eb0000000013005b2f,武汉拍照地分享-青山江滩看海,逛武汉青山江滩，天气给力，江水呈现蔚蓝大海感 太美了 纯分享记录
https://www.xiaohongshu.com/explore/6475e07e000000001402435c,亲子旅游🍃武汉三天两夜亲子出行✅✅✅,说走就走的武汉亲子之旅来啦👏👏👏 特种兵麻麻独自带娃旅游系列🥰🥰🥰 	 武汉第1⃣️天✅✅✅ 黄鹤楼→昙华林→户部巷→长江大桥→轮渡→黎黄陂路→轮渡回来 🔸问就是不累！早上到的武昌站，住宿我们也就直接定在武昌站地铁口的民宿，放好行李出发，每个景点可看图片，有麻麻的照片都是路人小姐姐拍的哦！ 全程地铁🚇这几个景点都挨着，可以一次性走完，黎黄坡路是坐轮渡过来的，轮渡8点之前1.5，八点之后10块！1.5的賊香，8点之前那趟人巨多，但是可以看到夜景，很值！ ✔️交通🔺🔺 黄鹤楼🚇:5号线司门口黄鹤楼C出口 昙华林、户部巷、长江大桥🚶‍♀️：三个景点顺着步行，大约各10分钟左右 黎黄坡路：长江大桥轮渡到苗家码头步行10分钟左右 	 武汉的第2⃣️天 古德寺→江汉步行街→水塔街→下雨转室内MELAND 🔸今天真的不累，由于下午转室内的MELAND去放电啦，小孩子的快乐游乐园，不得不说古德寺真的是巨出片！ ✔️交通🔺🔺 古德寺🚇：3号线罗家庄B出口 江汉步行街🚇:2号线江汉路地铁口A出口 水塔街:江汉路步行街走路10分钟 MELAND室内游乐园:武汉有好几个，可以就近 	 武汉第3⃣️天 东湖真的超级美！ 推荐不累人的落雁亲子路线✅✅✅ 北门→松鼠乐园→雁州索桥→竹筏→九曲桥→叠石→松鼠乐园 🔸松鼠乐园小朋友乐嗨一天都没问题！风景真的绝了，下次有机会一定要把东湖都逛个遍！ ✔️交通🔺🔺 东湖落雁风景区🚇：4号线武汉站 ⚠️这个景区离武汉站比较里面，果断改签到武汉站回，寄存好行李直接从武汉站打车过去，十来分钟到达落雁风景区北门即可！ ⚠️⚠️全程除了东湖落雁风景区没有地铁直接，其他的地方都是地铁或者步行，有孩子的推荐带推车，累了还可以在推车上睡觉，老母亲实在也抱不动啊！
https://www.xiaohongshu.com/explore/646e021e000000001203ce61,武汉小白超实用攻略｜看完就可以出发咯🎉,🌲武汉，有独特魅力的城市，去了2次的我依旧想去第3次第4次，很有灵性。初来武汉，安排3-4天为宜 	 🦌行程安排 DAY1⃣️ 昙华林—粮道街—黄鹤楼—*户部巷—武汉长江大桥 DAY2⃣️ 东湖之眼（可打车直达）—梨园（从梨园出东湖）—湖北美术馆—湖北省博物馆—*武汉大学—楚河汉街 DAY3⃣️ 古德寺—山海关路—黎黄陂路—江汉路步行街—万松园—*西北湖 DAY4⃣️ 晴川阁—江汉造—*古琴台—归元寺 	 打*的自行参考下文 🍃户部巷其实不太好吃，都是游客，不过正好路过可以转一圈，不喜欢可以直接跳过 🍃武汉大学目前不面向游客开放，要么就在门口拍照打卡，要么只能门口找黄🐮进去，也可以试试看预约万林艺术博物馆进去 🍃西北湖可选去不去，毕竟看过东湖了之后西北湖已经小case 🍃古琴台近期休整关闭，预计要到8月重新开放❗️ 🚢长江轮渡：看情况个人选择，图1⃣️图3⃣️都可去码头乘坐 	 ⚠️只有三天的时间走前三天的行程即可 	 🥟必吃美食 1⃣️三鲜豆皮  *我的武汉1位！大爱 2⃣️热干面 3⃣️锅盔 4⃣️烧卖 *黑胡椒味儿很重 5⃣️小龙虾 6⃣️鸭脖 …… 	 不去景点光干饭武汉就能炫好多天❕美食绿洲了就是说
https://www.xiaohongshu.com/explore/6183c4da000000002103b2da,武汉攻略 | 只花一天时间高效旅行！！！,我生活在长沙，去武汉只需要一个半小时， 利用周末时间，我就完成了武汉之旅高效打卡！ . 住宿江汉路地铁站附近，不必纠结！ 江汉区就是最适合我们外地人去逛的地方，这里最繁华~ . 09:00-11:00 湖北省博物馆（记得提前预约） 11:00-12:30 武汉天地逛街吃饭（一个新的购物中心），吃完饭后过马路可以在壹方逛逛，各种品牌齐全，特别是衣服品牌有亮点。 12:30-13:00 打车去知音号码头 13:00-16:30 买一张知音号的门票看沉浸式演出 16:30-18:00 逛江汉路、江汉滩，这里都是近代风格建筑，不过这里都是人比较扎堆的地方。我这里推荐洞庭街、鄱阳街、保华路、胜利路还有黎黄陂路的洋房，瞬间将你带到上个世纪二三十年代那个摩登的大汉口，推荐车站路（原京汉火车站）附近的“董厨煨汤馆”，妥妥的本地湖北楚菜。嘘~本地的小伙伴@小陈叔叔ww 墙裂推荐！ 18:00-19:00 武汉关码头坐轮渡，两元钱横渡长江 19:00-21:00 过江后就是武昌的中华路码头，旁边的户部巷小吃街可以吃晚饭，热干面、豆皮、武昌鱼。同样看长江大桥和桥头堡、黄鹤楼门口以及辛亥革命的首义公园打卡。
https://www.xiaohongshu.com/explore/63ff27bc000000001300719c,武汉最全游玩攻略 熬夜整理,hi，我是喜欢到处撒野的小勾～ 最近的武汉街头又恢复了往日的热闹与繁荣，很高兴这座宝藏城市终于发光🌟啦！为了大家玩的开心，在武汉度过一段开心的时光，我熬夜整理了武汉旅游攻略！包含推荐景点、旅行前准备、住宿、交通、美食全囊括，你就放心跟着走就好啦～（因为字数限制，详细攻略都在图里哦！） 🗺️路线 画重点📝，武汉不存在市中心这一说法，“武汉三镇”每一个区所有配套设施一应俱全。本地人都非必要不跨区，可见武汉之大。一定要规划好路线哦，要不然跑断腿也玩不到什么！具体路线往期攻略都说了，都不再废话了。 🎈各区景点（见图1️⃣2️⃣） 东湖风景区、武汉大学凌波门、湖北省博物馆、黄鹤楼、黎黄陂路、平和打包厂、古德寺、汉口江滩、武汉长江大桥 🎒旅行前准备（看图3️⃣） 武汉特别大，所以一定要准备舒适的运动鞋方便暴走。还需要准备一些常吃的肠胃💊等以备不时之需。具体看图哦！ 🚗武汉交通（看图4️⃣5️⃣） 武汉的交通主要以地铁为主，地铁线路四通八达，基本可以到达主流景点。打车距离在5公里以内15元左右，收费适中。武汉的公交车师傅开车飙车情况近几年虽有改善，但是可以尝试体验一下速度与激情…… 🏨住宿 最近樱花季，酒店价格上涨房间紧张，最好提前2周预定。建议住在地铁站附近，交通便利。例如中南路或洪山广场，处于武汉主流线路2号线和4号线换乘站去哪里都比较方便。 🍜美食（具体看图5️⃣） “过早”作为武汉对于早餐的独特称呼，其实就可以看出武汉人对早饭的重视程度。武汉经典早餐就有热干面、豆皮、鸡冠饺等数种美食，让人眼花缭乱！ 好啦，今天的分享就到这里了～ 	   #  黎黄陂路 @本地薯 @走走薯
https://www.xiaohongshu.com/explore/6472cfb60000000012031c15,在武汉总要和喜欢的人去东湖看一次浪漫的晚霞吧！#武汉 #武汉东湖 #东湖,在武汉总要和喜欢的人去东湖看一次浪漫的晚霞吧！#武汉 #武汉东湖 #东湖。想边灯遇见变了你面带着因为你在成年修朝新轻里牡力
https://www.xiaohongshu.com/explore/63ff155f0000000027011bc5,🌈武汉 三天两夜 全攻略 📎路线图🔥🔥🔥,🌈🌈🌈武汉可太适合穷游党吃货党拍照党了叭！宝子们快冲！！！ 🌟【酒店位置】🌟 🌈地铁2号线江汉路附近几个地铁站，酒店较多且离各大著名景点较近；其次武昌火车站，离各个景点交通较为便利且利于来返程。 🌟【三日游路线规划】🌟 🌈Day1: 入住酒店➡️昙华林➡️黄鹤楼➡️长江大桥 ✅如果黄鹤楼只想拍拍照的话，建议直接去5号线司门口黄鹤楼站拍摄即可，就不买门票啦，小🍠上面也有很多宝子分享的最佳拍摄机位可以参考参考。 🌈Day2:古德寺➡️黎黄陂路➡️江汉路步行街➡️江滩轮渡 ✅古德寺门票免费，随缘上香；欧式建筑，异域风情。 ✅ 黎黄陂路，红瓦洋楼，板路小巷，浪漫复古，📷出片。 ✅汉阳晴川码头(10元/位)只有周末和节假日开放，中华路1号码头-武汉关码头(网红航线，1.5元/位)。 🌈Day3: 粮道街(过早)➡️湖北省博物馆➡️东湖景区➡️返程 ✅博物馆需要提前预约哦，周一闭馆。 ✅东湖比较大，可以提前关注^畅游东湖^公众号-游览导引。里面有东湖各景点分布图和讲解等等。天气晴朗，骑车游东湖非常不错！ 💥武汉美术馆、晴川阁、归元禅寺、楚河汉街感兴趣也可以安排上哈，听说大成路的过早也不错！！！ 💥根据来返程火车站，可酌情优化旅游路线。 💥这个行程更适合于第一天中午到，第三天晚上走哦（第三天行李寄存），可根据实际情况做调整。 🌟【必吃美食】🌟 ✅热干面，腿老大·中式炸鸡(老字号)，油饼包烧麦，米粉，豆皮，湖北菜，大排档，糕点。 🌟【温馨提示】🌟 1️⃣行程不用安排太满，体验感最重要！ 2⃣️武汉一定要体验过早，热干面基本上在武汉都不会踩大雷。 3⃣️原创不易，切勿盗图，不接受转载和任何其他方式转载。
https://www.xiaohongshu.com/explore/627a71b80000000021036373,惊呆了🏖！你能相信这是在武汉🏰,在这不能到处旅游的时期 咱们大武汉也是有不少好玩之处 	 武汉恒大文化旅游城 坐落于风景秀丽的红莲湖畔🏘 这一项目属于恒大全国“大文旅版图”战略拼图的重要一块。 	 以中国文化、中国历史、中国故事为核心内容 原创推出“璀璨中华”、“魔幻西欧”、“神秘古国”、“探险南美”、“漫游海洋”、“穿越太空”6大主题园区。 儿童梦幻世界🏝 海上探险乐园🏰 绚丽灯光秀…… 这个夏日🏖 来武汉恒大文化旅游城打卡狂欢！🌸🌸 	 虽然说它的楼盘乱尾了 但是丝毫不影响我们过去游玩🚗 不过着实还是很可惜 它们规划图真的超级喜欢啊🌟 	 🏘地址 光谷东红莲湖旅游度假区红莲大道6号 下高速几分钟就到了 还是很方便的 	 🚗停车很方便，门口随意停 	 🏰🏰 虽然没开发完，但是还是有很多玩的 沙坑 滑滑梯 湖边 小岛 旁边还有童世界的欧洲风格建筑 小朋友玩的很开心疯玩一整天 出来就是街道很多吃的 	 营销部目前没人 玩累了可以进去休🏰🏰息 	 💓💓 	 趁现在免费 赶紧去玩玩吧 	 很值得一来哦🚗 全国d级神话童话乐园 期待早日成功🏰🏰             @生活薯 @日常薯 @薯管家 @薯宝宝 @逛逛薯
https://www.xiaohongshu.com/explore/64469b68000000001300911a,五一来武汉玩，这几个地方值得打卡吗？,趁着五一假期来临之前，给姐妹们整理了一下武汉适合热门打卡拍照的几个地方，免费而且拍照超好看～快来get✔️ 	 1⃣️古德寺 推荐指数：🌟🌟🌟🌟 古德寺已然成为来武汉必去打卡的景点之一！热门是真的！人多也是真的！不过还是值得去感受一下中西文化交融的建筑特色～重点是拍照很出片！ 	 2⃣️黎黄陂路 推荐指数：🌟🌟🌟🌟🌟 被称为武汉最美街道的黎黄陂路，偏欧式复古建筑风格，红砖外墙的老房子，在街边的咖啡馆小坐一下，感受老汉口的风韵，走在路上随意抓拍都很好看 	 3⃣️黄鹤楼 推荐指数：🌟🌟🌟🌟🌟 来武汉得去黄鹤楼看看吧跟黄鹤楼合影也不枉来一趟，感受一下“故人西辞黄鹤楼 烟花三月下扬州”，拍照位置建议在去往长江大桥方向的站岗亭或者黄鹤楼底下的天桥 也可以登上黄鹤楼参观一下，门票80 	 4⃣️武昌江滩看日落 推荐指数：🌟🌟🌟🌟🌟 去完黄鹤楼，顺路去江滩走一走吧～天气好的时候等一场日落也是非常浪漫呢，衬着日落余晖，拍照也超有氛围感！ 	 5⃣️武汉美术馆（琴台馆） 推荐指数：🌟🌟🌟🌟 如果你不想去湖北博物馆，那不妨来琴台美术馆逛一逛，别的不说，拍照是真的好看！而且免费！记得提前在公众号上预约（周一闭馆） 	 6⃣️鹦鹉洲长江大桥 推荐指数：🌟🌟🌟🌟 作为武汉长江大桥中最美的桥，很值得去一次～建筑带来的视觉震撼是无法用语言来形容 	 7⃣️东湖凌波门 推荐指数：🌟🌟🌟🌟 在武汉看“海”首选凌波门，天气晴朗的时候，坐在湖边的长椅上吹吹风，非常舒服！凌波门的日出绝美！值得为它早起一次 	 8⃣️解放公园 推荐指数：🌟🌟🌟🌟 喜欢逛公园的姐妹不要错过解放公园很美，不过建议晴天来～ 	 9⃣️柱皮山 推荐指数：🌟🌟 这里拍照确定好看，但是位置太偏远了，对于武汉游玩2-3天的姐妹来说不太适合，我发上来凑数哈哈哈哈 	 📍武汉好玩好吃的地方很多～这里只列出一小部分，仅供参考哈～ 👋欢迎姐妹们来武汉玩，嘿嘿
https://www.xiaohongshu.com/explore/644bc3ca000000002702b0d9,武汉情侣打卡｜这个地方一定要带心爱的他来,去年走过武汉好玩地100站‼️今年继续 第126站:光谷多莫大教堂 	 好久好久没来光谷啦🧡 上一次来还是上大学的时候 因为学校就在附近，周末我们最常来的就是这里了 这次来都结婚有娃了😂想着休息来校园转转 顺便打卡一下武汉zui像欧洲的地方 带老公重温一下大学时光🧡 如果和男朋友来这里会让人有结婚的冲动💕 	 💒多莫大教堂打卡机位： 1️⃣⛪️全景大教堂：可以走到教堂对面的手扶电梯上往对面拍 2️⃣🍃绿野仙踪：拍完全景大教堂左手边有个通道就是了，里面还有复古小火车 3️⃣💕爱心斑马线：牵着喜欢的人手走这条路会很幸福吧，通往大教堂💒的马路 4️⃣🧡和大教堂合影（图2）：coco旁的手扶梯到二楼，在乘坐室内电梯三楼就到咯‼️这里没人又好拍 - 拍完照在弗拉门戈广场偶遇了 珀莱雅限时—双抗主题快闪店‼️ 逛街的姐们们这波羊毛🦙不要错过 现在9.9💰可以领珀莱雅最新产品小样+咖啡/酒 （图9⃣️就是我领取的产品和咖啡） 蓝色主题的店颜值超高的！ 现场可以🆓试用新品双抗精华3.0以及双抗产品 除了快闪店颜值很高以外，还有高颜值咖啡师哦‼️ - 📍定位：光谷世界城弗拉门戈广场 ⌚️时间：2023.4.27–2023.5.3 -
https://www.xiaohongshu.com/explore/63ff27bc000000001300719c,武汉最全游玩攻略 熬夜整理,hi，我是喜欢到处撒野的小勾～ 最近的武汉街头又恢复了往日的热闹与繁荣，很高兴这座宝藏城市终于发光🌟啦！为了大家玩的开心，在武汉度过一段开心的时光，我熬夜整理了武汉旅游攻略！包含推荐景点、旅行前准备、住宿、交通、美食全囊括，你就放心跟着走就好啦～（因为字数限制，详细攻略都在图里哦！） 🗺️路线 画重点📝，武汉不存在市中心这一说法，“武汉三镇”每一个区所有配套设施一应俱全。本地人都非必要不跨区，可见武汉之大。一定要规划好路线哦，要不然跑断腿也玩不到什么！具体路线往期攻略都说了，都不再废话了。 🎈各区景点（见图1️⃣2️⃣） 东湖风景区、武汉大学凌波门、湖北省博物馆、黄鹤楼、黎黄陂路、平和打包厂、古德寺、汉口江滩、武汉长江大桥 🎒旅行前准备（看图3️⃣） 武汉特别大，所以一定要准备舒适的运动鞋方便暴走。还需要准备一些常吃的肠胃💊等以备不时之需。具体看图哦！ 🚗武汉交通（看图4️⃣5️⃣） 武汉的交通主要以地铁为主，地铁线路四通八达，基本可以到达主流景点。打车距离在5公里以内15元左右，收费适中。武汉的公交车师傅开车飙车情况近几年虽有改善，但是可以尝试体验一下速度与激情…… 🏨住宿 最近樱花季，酒店价格上涨房间紧张，最好提前2周预定。建议住在地铁站附近，交通便利。例如中南路或洪山广场，处于武汉主流线路2号线和4号线换乘站去哪里都比较方便。 🍜美食（具体看图5️⃣） “过早”作为武汉对于早餐的独特称呼，其实就可以看出武汉人对早饭的重视程度。武汉经典早餐就有热干面、豆皮、鸡冠饺等数种美食，让人眼花缭乱！ 好啦，今天的分享就到这里了～ 	   #  黎黄陂路 @本地薯 @走走薯
https://www.xiaohongshu.com/explore/6472f52b0000000012032141,武汉士著熬夜吐血整理3天2夜旅行攻略‼️,想来武汉旅游宝子们！！就看这一篇就好了！ 吃喝玩乐拍照一网打尽！！ 第1️⃣天 如果要去✔️古德寺就要早上去最好哦！！ 寺庙不太大 但是拍照很好看！！ 旁边二中附近还有很多打卡点 我个人更喜欢✔️水塔小吃街！！但是✔️ happy站台是室内不用风吹日晒！ ✔️ mark食集很适合夜晚去拍门头～小吃也很多 可以早点去✔️循礼门花市买束花当道具！ ✔️美术馆记得提前公众号预约 ✔️黎黄陂路特别适合拍照📷 真的推荐大家坐一下武汉的轮渡！！ 第2️⃣天 粮道街美食小吃也很多！！ 昙华林比较适合去拍照 户部巷不建议优先考虑 黄鹤楼给你买们安利夜景真的很美 晴川阁是免费景点 时间充裕的话才建议考虑 归元寺和晴川阁汉阳造都在汉阳！ 第3️⃣天 东湖景区很大估计要花上一天或者半天！ 博物馆记得要提前预约！！太火了 光谷广场大学生汇聚地！！美食很多 楚河汉街现在有点落寞但是时间可以去看看！ - 🥯美食小吃推荐： 赵师傅油饼包烧卖（要排队） 肥肥虾庄（虾是武汉最大的） 大中华酒楼（来武汉一定要试试正宗湖北菜） 敖四烧烤（鸡腿真的很不错） 烫锅鲜砂锅串串（推荐清汤锅 灵魂蘸料） 一代烤翅王（BT鸡翅 辣哭上瘾） 三镇民食甜食馆（三鲜豆皮真的是我的最爱） 阿宝生煎包（万松园的那家排队王） 铁扇红孩儿烧烤（我特别爱他家烤鱼 凤爪） 燕子煨汤（藕汤好好喝） 红油双宝拌面（牛肉拌面好好吃） 肖记公安牛肉鱼杂（牛肉三鲜 鱼杂我都很爱）
https://www.xiaohongshu.com/explore/6454ac60000000001300b401,武汉长江夜景,去武汉怎么能不坐一下轮渡呢！ 夜景真的美哭了好嘛！！！ #武汉 #武汉旅行 #武汉长江大桥夜景 #最美夜景 #城市夜景#当然要记录啊
https://www.xiaohongshu.com/explore/64677859000000001301158d,我国最中心的宝藏地，它最多跨过两个省，可到达任何省，中国唯一，不信你看看？,我国最中心的宝藏地，它最多跨过两个省，可到达任何省，中国唯一，不信你看看？#旅行推荐官 #厉害了我的国 #湖北 #武汉 #为祖国点赞 #旅途中的美景。中国最中心的地方您知道是哪里吗它是中国唯一一个到任何省都不超过两个省的地区甚至说国外风景都比这里差远了到新疆只需要跨过陕西和甘肃它就是全世界公开点赞的英雄城市所在地湖北但除了武汉和神龙架很多人都不知道韩能去哪儿旅游甚至连湖北本地人都说不明白但被严重低估的湖北其实恒宝藏中国最美地方恩施不仅有玩胜仙本纳的平山峡谷玻璃海还有能装下七亿人的世界最大天然洞穴腾龙洞水电之都宜昌不仅有世界第一的三峡大坝还有屈原的故里子规儒生如画的青江画廊华中屋脊神龙架是中国唯一一个以林区命名的行政区野人的传说至今是个谜国家级园林城市石堰不仅有天下第一仙山牡当山还有南水北调的丹江口水库华夏第一城池襄阳金庸笔下的狭义课本里的三顾茅庐说的就是这里金楚门户的金门不仅有中国迷鹿之乡十首更是中南六省唯一一座明代帝陵中国唯一一座以校命名的城市孝感校昌的红山林在秋天泰绝美老刘备大义诗荆洲说的就是这里每到夏天红湖的荷花美不胜收梁子湖不仅风光秀丽更是美味大闸蟹和武昌鱼的诞生地黄冈密卷可以说是无数学子的噩梦这里不仅是黄梅系的诞生地鸿安县更是诞生了二百二十三位将军湖北省会武汉九省通衢这里不仅有中国四大名楼黄鹤楼还有万里长江第一桥武汉长江大桥中国最美大学武汉大学每味热干面等你来吃所以外国人都说有一种中国美叫湖北关注罗非菲走不出户游世界
https://www.xiaohongshu.com/explore/63d67dc30000000004007055,来武汉一站式体验过早！表格都给整理好了,来武汉必吃的过早种类：热干面、豆皮、牛肉粉面、生烫、重油烧卖、糊汤粉、炸物(面窝、鸡冠饺)、这几种是我觉得非常值得去吃的! 	 所以来武汉的朋友可以挑自己喜欢的去吃，推荐几条适合一站式过早的街 1⃣【汉口兰陵路】 王记生烫+刘记三狗炒面+蒋婆抄手+三镇民生甜食馆 2⃣【汉口山海关路】汪记鲜鱼糊汤粉+毛氏汽水包+双黄牛肉炒面+润发汤包+李记鸡冠饺 3⃣【武昌大成路】小秋水饺+李记鲜鱼糊汤粉+老字号豆皮 4⃣【汉阳玫瑰街】罗氏热干面和生烫牛肉+隔壁豆皮+烧卖 5⃣【汉口前进四路】严老幺烧卖+豆皮+热干面 6⃣【汉口马场角】余艳梅拌面世家+烧卖+旁边葱油饼、豆皮 7⃣【汉阳西大街】西大街豆皮大王+隔壁热干面、煎包、馄饨 	 专门去体验过早的话，其中最推荐兰陵路，吃的种类很多，而且还有一家武汉老字号【三镇民生甜食馆】总店，基本武汉过早所有品类都在这里能吃到！其他的建议找自己住的地方附近吃就好啦~
https://www.xiaohongshu.com/explore/6479a53e000000000800f984,愿每个去武汉的人都能刷到这篇🙏,🌞总要去趟武汉吧~想去武汉的姐妹一定要码住这篇 武汉真的很好玩，超多美食，超多景点🍬🍲🛣 收好这篇攻略保证你不踩雷💣 . 🚗🚗出行准备 证件类：一定要带好身份证、学生证（有很多半价优惠滴~） 洗护类：带好护肤品、化妆品，防晒霜、洗脸巾巾、一次性内衣裤、充电宝、数据线、耳机、🎧 电器其他类：带好口罩、酒精湿巾、中暑药、肠胃药、创口贴、雨伞☂️ . 🏡🏡住宿推荐 1⃣️第一家： 这家超平价！而且位置就在市中心 距离武昌火车站还2⃣️0⃣️0⃣️米左右，下楼就是地铁站 波西米亚ins的风格简直太美，太能出片了🌵 热带绿植🌿全身镜，可爱小浴缸，太戳我了 . 2⃣️第二家： 超大落地窗看江景，谁懂啊！！🌃 轻奢风超高级🍷许多网红小姐姐都来打过卡 位置也超级棒，就在江滩，晚上还能看喷泉！⛲️ . 🍔🍔美食推荐 热干面、茶颜悦色、老通城豆皮、严老么烧麦、鞠氏黑芝麻糊、赵师傅油饼包烧系、黄牛肉面馆、燕子烟汤、李记鸡冠饺、李记酥饺……       #
https://www.xiaohongshu.com/explore/62ac69630000000001025411,2022粮道街美食攻略🔥巷子里的美食（三）,✅超全的武汉特色“粮道街” 📍网红店📍品牌店📍早餐店📍甜品📍烤串 ‼️你想吃的这里都有，打卡前，建议先收藏标记住~ - ·赵师傅油饼包烧卖 粮道街的王炸‼️新式碳水炸弹轰开味蕾💣，女孩子轻松吃两个，均价只要9r。 - ·泰国红豆酥 🍪酥脆的掉渣，10r满满一袋，酥皮夹着红豆，揭开袋子还有浓郁奶香味 - ·妙妙酸梅汤 解渴去油腻🥤，5r一大杯，经典的味道酸酸甜甜，可以买了烧卖去它家坐着吃。 - ·洛兰西点 性价比超高💰，各种西式糕点都有🍰，强推19r的榴莲千层，榴莲控最爱。 - ·老武汉三鲜豆皮 新开的豆皮店👉葱花、香菇、猪油一样不落！经典汉味早点建议尝尝～ - ·陈大焱大连铁板鲜鱿鱼 蜜汁酱料大鱿鱼🦑，粮道街常年必吃榜首，4r一串性价比超高！ - ·柒个烘焙糕 蛋香味十足，甜咸党福音，6~7r价格不等，🌮奥利奥味好评最多 - ·泰味集 🫒甜甜糯糯的芒果饭淋上椰浆一口超满足，正宗糯米饭只要15r。 - ·杨师傅梅花糕 🧇财经同款梅花糕，超人气糯食还是童年味道，超多食材层层入口。 - ·白熊可丽饼 超人气可丽饼适合拍照🌯，水果很新鲜，🍌十几种口味任选。 - ·辛村洛韩式肉饼 能拉丝的肉饼，🧀芝士口味yyds，10元就能大口吃肉 - ·老黑石头饼 比锅盔更香更薄更脆！还能和朋友揪着吃，肉馅也只要10r - ·香糖酥饺 裹上糖霜的酥皮小年糕🫔，外酥内糯的传统美食，这家味道很正宗。 - ·谭肥叔桂林米粉 火爆武汉的桂林米粉🍜，卤汁做汤底，牛杂牛筋也好吃，素粉6r一碗价格不坑 - ·山楂与薄荷 装修惊艳拍照很出片🎑，水果冰粉怎么点也不踩雷，20r大大一碗一个人吃不下🧁 - ·三步冰田 🍡甜食爱好者狂喜，心中的粮道街刨冰白月光，夏季就适合惬意的赏景吃冰。 - ·美味鸡柳 🍟从学生到打工人，这家店屹立不倒十几年，老少皆宜，8r就能买到童年的味道‼️ - ·燕子煨汤 粮道街本地瓦罐汤🥘，典型的苍蝇馆子，凭真本事好味道一直在这里开下去。 - 🔥🔥🔥粮道街美食众多，这只是其中一部分人气较高or有特色的店铺 下一期会细致评选9~10家爆火店铺👇👇 ✅味道✅好评率✅性价比 姐妹们，记得关🐷收藏不迷路~
https://www.xiaohongshu.com/explore/642a97760000000013036d7d,被本地人认可的🔥武汉四天三夜旅游攻略！！,#武汉 #武汉旅游 #武汉美食 #武汉探店 #武汉拍照。姐妹们这个被超多本地认可的武汉四天三夜只好把洛家住宿人均只要一千五的旅游锅a来了首先是大家最关心的过早问t我是四天去了三个地方过早我最推荐的是大橙路这个地方真的没有看到很多人推荐过但是真的很宝藏基本会齐的所有武汉过早的美食这条路上最火的应该就是这个小秋水饺水饺真的很鲜很好吃是阿姨现包的还吃了他们的热干面和清酒和门口的炸面窝和鸡关饺真的都很不错还有这家丽华脚点我是被他们家门口这个炸物性来的好全还有这个s馅饼人的这条路上我只直接买回家家里人都很喜欢我第二推荐的就是山海关光及鲜鱼糊汤粉去顺糯米包油条茅市汽水包里及鸡关饺双黄牛肉面馆面子味汤等等真的全部布菜雷还有一个这个凉道接果枣最火的应该就是这个加阳豆师傅有点包烧麦店他们家的咖啡道餐是可以免排队的我感觉味道还不错还吃了他家的热干面还有这条街上的多肉花卷其他的感觉就没什么了还有就是这个巨火爆排超烈原老油我是周午去的排了一个小时他家其实就是三千豆平双麦比较慢还有这盖面是黑芝麻酱的我个人还挺喜欢这个味道住排那神太长然后就是各种景点如果想看樱花的小姐妹们我建议你们最近赶紧去吧而且一定要早去我说东湖英园一开门就进去了拍照的时候都没有人但是走的时候人就特别多了从东末出来的话可以直接去湖北省博馆距离不算远远路的话我是白天去做的一块三从江汉关码头到中华路一号码头出来又去了昙话林只逛了逛然后我是在那个很火的地铁口打卡了一下没有进去还有江汉路不先接灵黄铁路所以他美食街和嗨皮电台我是一起去的所以他美时街对面的四一层都是黑皮电台然后嗨皮电台出去就是江汉路不行街推荐奥斯烧烤里是苏脚军事黑芝麻湖苹果那边粉都很不错还去了楚和汉街晚上又去了英五洲城的大桥晚上拍照真的很好看还有这个交换官博物馆离这个江汉关码头很近我是晚上开了灯以后去的我们四的号段是刚开门就进去了八点半开门人特别熟我拍完九点多人就躲起来了如果还没输馆的话我就只在门口打卡了一下樱花地铁的话我是卡着某湖上的时间涂卡尔等的还有觉这个才大小吃接我四天吃了两个晚上虽然它离得有点远但它真的很值得而且这里的阿宝上年人比较少下格也比海底站太便宜还有五块钱的藕粉但肉煲梅花膏黄是土豆片等等我建议你们六种狗豆二吃得比较全了人也不是很多除此之外还推荐你们去吃王寄生泡牛虾面馆他们家的胸堂特别嫩还有隔壁的刘季三种牛肉面馆也好吃我下在午们是吃的肥肥虾庄还有这个二十四小时营夜的营夜煤干面真的多好吃多给我去吃总庆下来的话们玩四天还是比较宽松的武晗真个是一个让你无法拒绝的城市值得你早起去感受一下泰黑家探太的快乐值得你去看一下李白氏里的黄鹤楼值得你亲自去感受一下这个幸福感值数超高的城市
https://www.xiaohongshu.com/explore/6423986300000000270033de,确定了，五一去武汉旅游‼️,打算五一和闺蜜👭去武汉旅游，攻略都已经做好了，想去的宝也以照着玩哦！ …… 🚇地铁沿线景点🚇 号线：堤角公园、武汉二七纪念馆、古德寺 号线：湖北省博物馆、江汉路步行街、光谷步行街 号线：武汉站、黄鹤楼、武汉长江大桥 …… 🏨武汉住宿建议🏨 住在地铁沿线方便出行，武昌可住在地铁站旁或者楚河汉街附近; 楚河汉街附近看看沙湖夜景，逛吃的地方也多也有去户部巷的公交，距离汉口也不是很远。 街道口靠近武汉大学附近吃的也比较多，距离光谷步行街地铁就几站路。 文艺青年可以住在昙华林附近青旅、拍拍照，距离黄鹤楼、户部巷比较近。 住在江汉路附近可以逛逛江滩老租界看看长江两岸夜景，江汉路片区吃的很多~ …… 武汉美食 🍡小吃：腿老大·中式炸鸡、油饼包烧卖、热干面、三鲜豆皮、生烫牛肉粉、鸡冠饺、泡蛋苕粉、蟹脚面、糊汤粉、蛋酒、鲜鱼糊粉 🍲特色菜：莲藕排骨汤、干煸藕丝、炒豆丝、香辣小龙虾、炸藕夹、泡藕带、鱼头泡饭、烧武昌鱼、粉蒸排骨、撒子牛肉、蹄花煨藕、豆花牛肉 …… 路线规划 Day1：黄鹤楼—户部巷—昙华林—古德寺—汉江路步行街—码头轮 Day2：粮道街—湖北省博物馆—湖北美术馆—多莫大教堂—楚河汉街 Day3：楚河汉街—武汉大学—东湖绿道 .
